Incident Number,Latitude,Longitude,Emergency_Type,Datetime
F200102616,47.559123,-122.35170500000001,AFA4 - Auto Alarm 2 + 1 + 1,2020-10-15 12:31:00
F200102615,47.565259999999995,-122.35304599999999,AFA4 - Auto Alarm 2 + 1 + 1,2020-10-15 12:30:00
F200102613,47.69681,-122.327101,Aid Response,2020-10-15 12:28:00
F200102611,47.670909,-122.38215,Auto Fire Alarm,2020-10-15 12:27:00
F200102609,47.602114,-122.330809,Low Acuity Response,2020-10-15 12:24:00
F200102607,47.607742,-122.326595,Aid Response,2020-10-15 12:14:00
F200102606,47.569237,-122.371429,Aid Response,2020-10-15 12:12:00
F200102604,47.554139,-122.329365,Aid Response,2020-10-15 12:07:00
F200102603,47.723218,-122.34819499999999,Aid Response,2020-10-15 12:05:00
F200102602,47.618943,-122.32671299999998,Medic Response,2020-10-15 12:04:00
F200102601,47.601643,-122.327656,Aid Response,2020-10-15 12:03:00
F200102286,47.601643,-122.327656,Aid Response,2020-10-15 11:47:00
F200102285,47.601643,-122.327656,Triaged Incident,2020-10-15 11:32:00
F200102284,47.601643,-122.327656,Aid Response,2020-10-15 11:28:00
F200102281,47.661759,-122.311986,Triaged Incident,2020-10-15 11:03:00
F200102279,47.72959,-122.324067,Medic Response Freeway,2020-10-15 08:53:00
F200102278,47.631378000000005,-122.35920300000001,Aid Response,2020-10-15 08:47:00
F200102277,47.609994,-122.346301,Aid Response,2020-10-15 08:44:00
F200102275,47.609802,-122.32402900000001,Aid Response,2020-10-15 08:36:00
F200102276,47.725053,-122.355551,Aid Response,2020-10-15 08:36:00
F200102273,47.602985,-122.328535,Medic Response,2020-10-15 08:34:00
F200102272,47.604548,-122.33457,Aid Response,2020-10-15 08:30:00
F200102271,47.694355,-122.375451,Medic Response,2020-10-15 08:21:00
F200102270,47.602272,-122.32788300000001,Aid Response,2020-10-15 08:20:00
F200102269,47.600659,-122.30896399999999,Medic Response,2020-10-15 08:19:00
F200102268,47.656978,-122.31781699999999,Aid Response,2020-10-15 08:18:00
F200102265,47.604413,-122.329842,Auto Fire Alarm,2020-10-15 08:13:00
F200102264,47.672167,-122.314181,Rubbish Fire,2020-10-15 08:10:00
F200102263,47.732881,-122.296531,Aid Response,2020-10-15 07:55:00
F200102261,47.590312,-122.334195,MVI - Motor Vehicle Incident,2020-10-15 07:51:00
F200102260,47.606157,-122.32376799999999,Aid Response,2020-10-15 07:45:00
F200102259,47.580771999999996,-122.386563,Illegal Burn,2020-10-15 07:16:00
F200102257,47.615264,-122.316827,Aid Response,2020-10-15 07:12:00
F200102255,47.732673999999996,-122.29653400000001,Medic Response,2020-10-15 07:11:00
F200102254,47.602688,-122.31803400000001,Aid Response,2020-10-15 07:03:00
F200102252,47.616744,-122.326806,Aid Response,2020-10-15 06:59:00
F200102251,47.61842,-122.30365,Aid Response,2020-10-15 06:41:00
F200102250,47.598313,-122.327671,Auto Fire Alarm,2020-10-15 06:28:00
F200102246,47.655992,-122.396946,Low Acuity Response,2020-10-15 06:22:00
F200102247,47.697876,-122.39167900000001,Automatic Fire Alarm Resd,2020-10-15 06:22:00
F200102245,47.611259000000004,-122.32076,Aid Response,2020-10-15 06:16:00
F200102244,47.577526,-122.297522,Aid Response,2020-10-15 06:10:00
V200102243,47.506857000000004,-122.355112,Mutual Aid- Engine,2020-10-15 06:05:00
F200102242,47.545953000000004,-122.327271,Aid Response,2020-10-15 06:05:00
F200102241,47.597516999999996,-122.327675,Aid Response,2020-10-15 05:54:00
F200102240,47.529103000000006,-122.26941699999999,Medic Response,2020-10-15 05:51:00
F200102239,47.612889,-122.31673300000001,1RED 1 Unit,2020-10-15 05:29:00
F200102236,47.705141,-122.343331,Auto Fire Alarm,2020-10-15 05:11:00
F200102235,47.589444,-122.294719,Medic Response,2020-10-15 04:57:00
F200102234,47.725319,-122.326218,Aid Response,2020-10-15 04:52:00
F200102233,47.562681,-122.28881799999999,Aid Response,2020-10-15 04:36:00
F200102232,47.599197,-122.32896799999999,Medic Response,2020-10-15 04:27:00
F200102231,47.538902,-122.293225,Aid Response,2020-10-15 04:00:00
F200102230,47.661285,-122.31544199999999,Aid Response,2020-10-15 03:57:00
F200102229,47.619735,-122.34630600000001,Medic Response- 6 per Rule,2020-10-15 03:54:00
F200102228,47.65722,-122.32263300000001,MVI - Motor Vehicle Incident,2020-10-15 03:40:00
F200102227,47.695884,-122.325071,Triaged Incident,2020-10-15 03:37:00
F200102226,47.721329,-122.29633899999999,Medic Response,2020-10-15 03:31:00
F200102225,47.72535,-122.359597,Medic Response,2020-10-15 03:18:00
F200102224,47.600659,-122.30896399999999,Aid Response,2020-10-15 03:16:00
F200102223,47.664275,-122.283475,Medic Response,2020-10-15 03:15:00
F200102222,47.732428999999996,-122.315418,Trans to AMR,2020-10-15 02:52:00
F200102220,47.549459999999996,-122.37366999999999,Triaged Incident,2020-10-15 02:28:00
F200102219,47.717874,-122.311278,Aid Response,2020-10-15 02:14:00
F200102218,47.630482,-122.37573,AFA4 - Auto Alarm 2 + 1 + 1,2020-10-15 01:48:00
F200102217,47.615429,-122.347799,Auto Fire Alarm,2020-10-15 01:42:00
F200102216,47.688385,-122.34276200000001,Aid Response,2020-10-15 01:39:00
F200102215,47.569608,-122.29048600000002,Aid Response,2020-10-15 01:32:00
F200102214,47.6017,-122.32073700000001,Aid Response,2020-10-15 01:27:00
F200102213,47.714334,-122.317975,Medic Response- 7 per Rule,2020-10-15 01:19:00
F200102212,47.60975,-122.33779299999999,Illegal Burn,2020-10-15 01:16:00
F200102211,47.558988,-122.37623400000001,Aid Response,2020-10-15 01:12:00
F200102210,47.599195,-122.32766699999999,Aid Response,2020-10-15 01:10:00
F200102208,47.619785,-122.35935800000001,Referral To Agency,2020-10-15 00:48:00
F200102206,47.599191,-122.325055,Aid Response,2020-10-15 00:44:00
F200102207,47.592046,-122.29728200000001,Medic Response,2020-10-15 00:44:00
F200102205,47.73268,-122.342376,Medic Response,2020-10-15 00:44:00
F200102203,47.619735,-122.34630600000001,Scenes Of Violence Aid,2020-10-15 00:29:00
F200102202,47.595741,-122.32506799999999,Aid Response,2020-10-15 00:25:00
F200102200,47.599198,-122.329679,Aid Response,2020-10-15 00:22:00
F200102201,47.519853000000005,-122.26836399999999,Aid Response,2020-10-15 00:22:00
F200102199,47.614317,-122.31683899999999,Aid Response,2020-10-15 00:14:00
F200102196,47.610614,-122.332447,MVI - Motor Vehicle Incident,2020-10-15 00:04:00
F200102197,47.571853000000004,-122.29319299999999,Trans to AMR,2020-10-15 00:04:00
F200102194,47.533698,-122.36318500000002,Aid Response,2020-10-15 00:00:00
F200102193,47.560047,-122.288821,Aid Response,2020-10-14 23:58:00
F200102192,47.615254,-122.31815900000001,Aid Response,2020-10-14 23:57:00
F200102190,47.589989,-122.31473799999999,Trans to AMR,2020-10-14 23:53:00
F200102189,47.549640999999994,-122.312322,Medic Response,2020-10-14 23:51:00
F200102187,47.615254,-122.31815900000001,Aid Response,2020-10-14 23:43:00
F200102185,47.705068,-122.350073,Aid Response,2020-10-14 23:28:00
F200102184,47.615602,-122.33248799999998,Aid Response,2020-10-14 23:25:00
F200102183,47.732314,-122.35023600000001,Aid Response,2020-10-14 23:23:00
F200102182,47.720938000000004,-122.29251299999999,Medic Response,2020-10-14 23:22:00
F200102181,47.669452,-122.309224,1RED 1 Unit,2020-10-14 23:16:00
F200102179,47.616443,-122.310151,Aid Response,2020-10-14 23:12:00
F200102178,47.616547,-122.31276000000001,Aid Response,2020-10-14 23:01:00
F200102177,47.621983,-122.31572299999999,Auto Fire Alarm,2020-10-14 22:59:00
F200102176,47.637215000000005,-122.372751,Trans to AMR,2020-10-14 22:51:00
F200102175,47.519064,-122.365904,Aid Response,2020-10-14 22:47:00
F200102173,47.585496,-122.314676,Medic Response- 7 per Rule,2020-10-14 22:36:00
F200102172,47.581267,-122.29699099999999,Aid Response,2020-10-14 22:32:00
F200102170,47.611557,-122.33019099999999,Aid Response,2020-10-14 22:31:00
F200102171,47.713136999999996,-122.3305,Aid Response,2020-10-14 22:31:00
F200102169,47.579985,-122.295178,Aid Response,2020-10-14 22:30:00
F200102168,47.624578,-122.35540400000001,Aid Response,2020-10-14 22:29:00
F200102167,47.6044,-122.296797,Aid Response,2020-10-14 22:27:00
F200102166,47.678506,-122.311985,Aid Response,2020-10-14 22:20:00
F200102165,47.613246999999994,-122.32718700000001,Triaged Incident,2020-10-14 22:12:00
F200102162,47.612963,-122.32076200000002,Aid Response,2020-10-14 22:11:00
F200102160,47.638047,-122.281927,Aid Response,2020-10-14 22:00:00
F200102159,47.550048,-122.370248,Investigate Out Of Service,2020-10-14 21:51:00
F200102158,47.598354,-122.32636399999998,Medic Response,2020-10-14 21:47:00
F200102155,47.604991,-122.333174,Medic Response- 7 per Rule,2020-10-14 21:28:00
F200102154,47.520679,-122.335803,Aid Response,2020-10-14 21:26:00
F200102153,47.622174,-122.32090900000001,Aid Response,2020-10-14 21:26:00
F200102151,47.606982,-122.32605600000001,Low Acuity Response,2020-10-14 21:14:00
F200102150,47.719477000000005,-122.317223,Triaged Incident,2020-10-14 21:05:00
F200102149,47.62867,-122.32007800000001,Aid Response,2020-10-14 21:02:00
F200102148,47.564095,-122.28818600000001,Aid Response,2020-10-14 21:01:00
F200102147,47.645804,-122.414257,Low Acuity Response,2020-10-14 20:41:00
F200102146,47.61762,-122.31013899999999,Medic Response,2020-10-14 20:40:00
F200102145,47.71759,-122.311269,Illegal Burn,2020-10-14 20:37:00
F200102144,47.604377,-122.325207,Aid Response,2020-10-14 20:37:00
F200102143,47.529367,-122.26998799999998,Medic Response,2020-10-14 20:33:00
F200102142,47.592399,-122.327256,Aid Response,2020-10-14 20:33:00
F200102141,47.548171,-122.37368799999999,Aid Response,2020-10-14 20:32:00
F200102140,47.547762,-122.39595700000001,Aid Response,2020-10-14 20:26:00
F200102139,47.607828000000005,-122.339105,Aid Response,2020-10-14 20:07:00
F200102138,47.673821999999994,-122.379024,Referral To Agency,2020-10-14 20:05:00
F200102137,47.620022999999996,-122.35674499999999,Alarm Bell,2020-10-14 20:05:00
F200102136,47.719601000000004,-122.355539,Aid Response,2020-10-14 19:58:00
F200102135,47.603698,-122.329187,Aid Response Yellow,2020-10-14 19:54:00
F200102134,47.61055,-122.32931799999999,Medic Response,2020-10-14 19:52:00
F200102133,47.724453999999994,-122.286397,Aid Response,2020-10-14 19:51:00
F200102131,47.703486,-122.36075100000001,MVI - Motor Vehicle Incident,2020-10-14 19:49:00
F200102130,47.615789,-122.33650700000001,Aid Response,2020-10-14 19:43:00
F200102129,47.661495,-122.305472,Alarm Bell,2020-10-14 19:37:00
F200102128,47.562996999999996,-122.40631699999999,Rubbish Fire,2020-10-14 19:37:00
F200102127,47.545282,-122.38746200000001,Referral To Agency,2020-10-14 19:31:00
F200102126,47.564333000000005,-122.29163999999999,Aid Response,2020-10-14 19:31:00
F200102124,47.611653000000004,-122.33963200000001,Aid Response,2020-10-14 19:24:00
F200102123,47.566398,-122.386771,Aid Response,2020-10-14 19:21:00
F200102122,47.619726,-122.34388899999999,Aid Response,2020-10-14 19:18:00
F200102121,47.520062,-122.390491,Aid Response,2020-10-14 19:18:00
F200102120,47.62105,-122.32786200000001,Medic Response,2020-10-14 19:14:00
F200102119,47.605548999999996,-122.33241699999999,Rubbish Fire,2020-10-14 19:12:00
F200102118,47.596645,-122.308251,Aid Response,2020-10-14 19:10:00
F200102117,47.619039,-122.327854,Medic Response,2020-10-14 19:08:00
F200102115,47.618002000000004,-122.329182,Rescue Elevator,2020-10-14 18:52:00
F200102114,47.666705,-122.313047,Aid Response,2020-10-14 18:51:00
F200102113,47.628325,-122.3271,Rubbish Fire,2020-10-14 18:49:00
F200102111,47.684397,-122.33501299999999,Low Acuity Response,2020-10-14 18:43:00
F200102110,47.616405,-122.32448799999999,Auto Fire Alarm,2020-10-14 18:42:00
F200102109,47.619719,-122.342229,Trans to AMR,2020-10-14 18:40:00
F200102108,47.628325,-122.3271,Rubbish Fire,2020-10-14 18:39:00
F200102107,47.639394,-122.372611,1RED 1 Unit,2020-10-14 18:32:00
F200102105,47.651083,-122.30390700000001,Aid Response,2020-10-14 18:21:00
F200102106,47.58104,-122.32139699999999,MVI Medic,2020-10-14 18:21:00
F200102103,47.618823,-122.330413,Medic Response,2020-10-14 18:20:00
F200102102,47.708372,-122.29076200000002,Medic Response,2020-10-14 18:19:00
F200102101,47.7076,-122.285482,Alarm Bell,2020-10-14 18:17:00
F200102098,47.672497,-122.401095,Automatic Fire Alarm Resd,2020-10-14 18:12:00
F200102097,47.719378000000006,-122.29272900000001,Aid Response,2020-10-14 18:11:00
F200102096,47.7076,-122.285482,Alarm Bell,2020-10-14 18:08:00
F200102094,47.661659,-122.30090600000001,Automatic Fire Alarm False,2020-10-14 18:04:00
F200102093,47.566345,-122.339436,MVI Medic,2020-10-14 18:03:00
F200102092,47.692577,-122.331083,Aid Response,2020-10-14 18:01:00
F200102091,47.553839,-122.383032,Aid Response,2020-10-14 17:58:00
F200102090,47.620061,-122.34108400000001,Auto Fire Alarm,2020-10-14 17:52:00
F200102088,47.520451,-122.336003,Medic Response,2020-10-14 17:43:00
F200102087,47.608006,-122.301477,Aid Response,2020-10-14 17:41:00
F200102086,47.531453000000006,-122.274475,Automatic Fire Alarm Resd,2020-10-14 17:35:00
F200102084,47.557052,-122.288774,Aid Response,2020-10-14 17:24:00
F200102085,47.569237,-122.371429,Aid Response,2020-10-14 17:24:00
F200102083,47.560817,-122.293379,Aid Response,2020-10-14 17:19:00
F200102082,47.723234000000005,-122.355547,Aid Response,2020-10-14 17:18:00
F200102081,47.514288,-122.27381399999999,Triaged Incident,2020-10-14 17:14:00
F200102080,47.60668,-122.30763200000001,Medic Response- 7 per Rule,2020-10-14 17:12:00
F200102079,47.628565,-122.28505,Automatic Fire Alarm Resd,2020-10-14 17:11:00
F200102075,47.662133000000004,-122.348583,Aid Response,2020-10-14 16:57:00
F200102072,47.663381,-122.31196100000001,AFA4 - Auto Alarm 2 + 1 + 1,2020-10-14 16:50:00
F200102070,47.614082,-122.34969199999999,Aid Response,2020-10-14 16:47:00
F200102069,47.600843,-122.330271,Medic Response,2020-10-14 16:46:00
F200102066,47.613575,-122.328653,Aid Response,2020-10-14 16:37:00
F200102067,47.62457,-122.35146100000001,Aid Response,2020-10-14 16:36:00
F200102065,47.561082,-122.38006299999999,Low Acuity Response,2020-10-14 16:36:00
F200102064,47.661716,-122.31956399999999,Low Acuity Response,2020-10-14 16:35:00
F200102062,47.613098,-122.32343600000002,Illegal Burn,2020-10-14 16:21:00
F200102061,47.614115000000005,-122.31369299999999,Aid Response,2020-10-14 16:16:00
F200102060,47.606268,-122.337677,Low Acuity Response,2020-10-14 16:14:00
F200102059,47.553321000000004,-122.36296899999999,TEST - MIS TEST,2020-10-14 16:11:00
F200102058,47.510814,-122.275173,Aid Response,2020-10-14 16:10:00
F200102056,47.608073,-122.320755,Aid Response,2020-10-14 16:04:00
F200102055,47.618002000000004,-122.329182,Aid Response,2020-10-14 15:51:00
F200102054,47.560828,-122.385465,Aid Response,2020-10-14 15:50:00
F200102052,47.596475,-122.33566699999999,MVI - Motor Vehicle Incident,2020-10-14 15:46:00
F200102050,47.60252,-122.329645,Rescue Elevator,2020-10-14 15:44:00
F200102048,47.722899,-122.293194,Aid Response,2020-10-14 15:34:00
F200102045,47.626759,-122.30238200000001,MVI - Motor Vehicle Incident,2020-10-14 15:33:00
F200102044,47.655727,-122.31881000000001,Scenes Of Violence Aid,2020-10-14 15:31:00
F200102043,47.569608,-122.29048600000002,Aid Response,2020-10-14 15:26:00
F200102042,47.612716,-122.345399,Aid Response,2020-10-14 15:24:00
F200102041,47.606212,-122.320559,Trans to AMR,2020-10-14 15:24:00
F200102039,47.597409000000006,-122.317227,Medic Response,2020-10-14 15:22:00
F200102040,47.544669,-122.373777,Aid Response,2020-10-14 15:22:00
F200102038,47.585854,-122.321393,Aid Response,2020-10-14 15:18:00
F200102037,47.679973,-122.262231,Medic Response,2020-10-14 15:07:00
F200102036,47.523311,-122.275764,Aid Response,2020-10-14 15:04:00
F200102035,47.678042,-122.262216,Aid Response,2020-10-14 15:00:00
F200102034,47.586175,-122.325975,Aid Response,2020-10-14 14:56:00
F200102032,47.609685,-122.334666,Aid Response,2020-10-14 14:48:00
F200102031,47.728365000000004,-122.29363899999998,Aid Response,2020-10-14 14:48:00
F200102030,47.617752,-122.33834399999999,Auto Fire Alarm,2020-10-14 14:46:00
F200102029,47.609389,-122.338655,Aid Response,2020-10-14 14:45:00
F200102028,47.614391,-122.33831399999998,Auto Fire Alarm,2020-10-14 14:40:00
F200102026,47.602985,-122.328535,Medic Response,2020-10-14 14:29:00
F200102024,47.675985,-122.366023,1RED 1 Unit,2020-10-14 14:25:00
F200102023,47.553825,-122.280571,Medic Response,2020-10-14 14:19:00
F200102022,47.695991,-122.29031599999999,Aid Response,2020-10-14 14:18:00
F200102021,47.622289,-122.31571799999999,Aid Response,2020-10-14 14:16:00
F200102019,47.666537,-122.31521799999999,Activated CO Detector,2020-10-14 14:16:00
F200102020,47.645803,-122.360896,Aid Response,2020-10-14 14:16:00
F200102018,47.658564,-122.34228700000001,Aid Response,2020-10-14 14:07:00
F200102017,47.600009,-122.31413500000001,Car Fire,2020-10-14 14:05:00
F200102016,47.668512,-122.29019299999999,Aid Response,2020-10-14 14:05:00
F200102015,47.6487,-122.346957,Medic Response- 6 per Rule,2020-10-14 13:56:00
F200102013,47.550955,-122.299425,Low Acuity Response,2020-10-14 13:48:00
F200102012,47.627324,-122.33266699999999,Aid Response,2020-10-14 13:42:00
F200102011,47.645031,-122.37051100000001,Low Acuity Response,2020-10-14 13:40:00
F200102009,47.658499,-122.34229099999999,Aid Response,2020-10-14 13:39:00
F200102008,47.542241,-122.33422,MVI Freeway,2020-10-14 13:34:00
F200102007,47.556614,-122.288471,Aid Response,2020-10-14 13:23:00
F200102006,47.623272,-122.355415,Triaged Incident,2020-10-14 13:19:00
F200102005,47.521906,-122.390208,Aid Response,2020-10-14 13:07:00
F200102002,47.623717,-122.36063500000002,Low Acuity Response,2020-10-14 13:05:00
F200102001,47.52648,-122.32779,Fire in Building,2020-10-14 13:05:00
F200102000,47.615368,-122.32553100000001,Aid Response,2020-10-14 12:53:00
F200101999,47.577656,-122.334202,4RED - 2 + 1 + 1,2020-10-14 12:43:00
F200101998,47.554095000000004,-122.289351,Aid Response,2020-10-14 12:41:00
F200101997,47.58831,-122.33844099999999,Aid Response,2020-10-14 12:38:00
F200101995,47.66749,-122.38309299999999,Aid Response,2020-10-14 12:23:00
F200101994,47.732065000000006,-122.29383100000001,Trans to AMR,2020-10-14 12:22:00
F200101996,47.559808000000004,-122.32327,Illegal Burn,2020-10-14 12:18:00
F200101993,47.619768,-122.355443,Referral To Agency,2020-10-14 12:16:00
F200101992,47.651291,-122.342642,Medic Response,2020-10-14 12:06:00
F200101991,47.617818,-122.336177,Rescue Elevator,2020-10-14 12:04:00
F200101989,47.612905,-122.31016799999999,Aid Response,2020-10-14 11:59:00
F200101988,47.631,-122.3554,TEST - MIS TEST,2020-10-14 11:56:00
F200101987,47.726803000000004,-122.347793,Aid Response,2020-10-14 11:51:00
F200101986,47.706699,-122.30104399999999,Medic Response,2020-10-14 11:43:00
F200101985,47.545614,-122.32958799999999,Aid Response,2020-10-14 11:40:00
F200101984,47.602011,-122.30896200000001,Aid Response,2020-10-14 11:38:00
F200101982,47.616731,-122.33987900000001,Aid Response,2020-10-14 11:25:00
F200101981,47.601601,-122.30228400000001,Aid Response,2020-10-14 11:20:00
F200101979,47.61973,-122.34500700000001,Low Acuity Response,2020-10-14 11:12:00
F200101978,47.679718,-122.306611,Aid Response,2020-10-14 10:57:00
F200101977,47.719477000000005,-122.317223,Triaged Incident,2020-10-14 10:57:00
F200101975,47.704353999999995,-122.35077700000001,Illegal Burn,2020-10-14 10:42:00
F200101974,47.557224,-122.37890800000001,Medic Response,2020-10-14 10:38:00
F200101973,47.54217,-122.28993500000001,Aid Response,2020-10-14 10:36:00
F200101972,47.607742,-122.326595,Medic Response,2020-10-14 10:31:00
F200101970,47.55512,-122.28074299999999,Auto Fire Alarm,2020-10-14 10:21:00
F200101969,47.549448,-122.38038999999999,Aid Response,2020-10-14 10:19:00
F200101967,47.602114,-122.330809,Aid Response,2020-10-14 10:03:00
F200101966,47.620503,-122.312698,Medic Response,2020-10-14 10:02:00
F200101965,47.605443,-122.32311499999999,Aid Response,2020-10-14 09:59:00
F200101963,47.588225,-122.32139099999999,Referral To Agency,2020-10-14 09:44:00
F200101962,47.651784,-122.3651,Aid Response,2020-10-14 09:42:00
F200101961,47.633802,-122.280952,MVI - Motor Vehicle Incident,2020-10-14 09:26:00
F200101959,47.618428,-122.30363899999999,Triaged Incident,2020-10-14 09:24:00
F200101960,47.708611,-122.325928,Rescue Elevator,2020-10-14 09:24:00
F200101956,47.609372,-122.329777,AFA4 - Auto Alarm 2 + 1 + 1,2020-10-14 09:18:00
F200101955,47.600592999999996,-122.33591499999999,Trans to AMR,2020-10-14 09:17:00
F200101954,47.726803000000004,-122.347793,Low Acuity Response,2020-10-14 09:14:00
F200101953,47.61523,-122.323231,Aid Response,2020-10-14 09:08:00
F200101951,47.712305,-122.339596,Medic Response,2020-10-14 09:01:00
F200101950,47.507999,-122.37467600000001,Aid Response,2020-10-14 08:56:00
F200101949,47.570040999999996,-122.279551,Aid Response,2020-10-14 08:54:00
F200101947,47.556785,-122.286143,Auto Fire Alarm,2020-10-14 08:46:00
F200101946,47.678821,-122.262227,Aid Response,2020-10-14 08:37:00
F200101945,47.699321999999995,-122.289622,Aid Response,2020-10-14 08:26:00
F200101944,47.575297,-122.334203,Aid Response,2020-10-14 08:13:00
F200101943,47.661584999999995,-122.33016,Medic Response,2020-10-14 08:12:00
F200101941,47.505663,-122.25711899999999,Aid Response,2020-10-14 07:55:00
F200101940,47.626877,-122.32921599999999,Aid Response,2020-10-14 07:50:00
F200101939,47.57172,-122.33093600000001,Aid Response,2020-10-14 07:42:00
F200101938,47.605621,-122.324591,Aid Response,2020-10-14 07:27:00
F200101937,47.703179999999996,-122.328526,Aid Response,2020-10-14 07:25:00
F200101934,47.572990999999995,-122.30786699999999,Medic Response,2020-10-14 07:19:00
F200101931,47.554937,-122.282393,Low Acuity Response,2020-10-14 06:32:00
F200101930,47.726803000000004,-122.347793,Aid Response,2020-10-14 06:24:00
F200101927,47.616033,-122.343075,Alarm Bell,2020-10-14 06:16:00
F200101926,47.537055,-122.278683,Illegal Burn,2020-10-14 05:57:00
F200101925,47.589215,-122.29253200000001,Aid Response,2020-10-14 05:20:00
F200101924,47.703624,-122.333909,Aid Response,2020-10-14 05:16:00
F200101923,47.622242,-122.332995,Triaged Incident,2020-10-14 04:52:00
F200101922,47.604377,-122.325207,Triaged Incident,2020-10-14 04:46:00
F200101921,47.626721,-122.35812,Low Acuity Response,2020-10-14 04:27:00
F200101919,47.634582,-122.34335,Alarm Bell,2020-10-14 04:20:00
F200101918,47.609125,-122.340291,Medic Response,2020-10-14 03:31:00
F200101917,47.719916,-122.31267700000001,Aid Response,2020-10-14 03:13:00
F200101916,47.675775,-122.30257900000001,Medic Response,2020-10-14 03:04:00
F200101915,47.608693,-122.333757,Aid Response,2020-10-14 02:57:00
F200101914,47.52469,-122.37940800000001,Aid Response,2020-10-14 02:54:00
F200101913,47.703066,-122.312273,Aid Response,2020-10-14 02:30:00
F200101912,47.571435,-122.289925,Aid Response,2020-10-14 02:24:00
F200101911,47.557156,-122.30036899999999,Low Acuity Response,2020-10-14 02:22:00
F200101910,47.706842,-122.309951,Aid Response,2020-10-14 02:12:00
F200101909,47.613496999999995,-122.346355,Trans to AMR,2020-10-14 01:58:00
F200101908,47.602769,-122.33140900000001,Aid Response,2020-10-14 01:52:00
F200101907,47.537037,-122.28450600000001,Aid Response,2020-10-14 01:45:00
F200101906,47.656782,-122.34855900000001,Aid Response,2020-10-14 01:44:00
F200101905,47.589985999999996,-122.318105,Low Acuity Response,2020-10-14 01:42:00
F200101904,47.683046999999995,-122.289391,Aid Response,2020-10-14 01:13:00
F200101903,47.667891,-122.37648600000001,Trans to AMR,2020-10-14 00:44:00
F200101902,47.536317,-122.3588,Aid Response,2020-10-14 00:42:00
F200101900,47.518178000000006,-122.367277,Aid Response,2020-10-14 00:37:00
F200101899,47.728569,-122.299176,Aid Response,2020-10-14 00:34:00
F200101898,47.562194,-122.289911,Trans to AMR,2020-10-14 00:24:00
F200101897,47.708858,-122.301216,Aid Response,2020-10-14 00:11:00
F200101894,47.678092,-122.30521999999999,Medic Response,2020-10-13 23:55:00
F200101895,47.617237,-122.335195,Aid Response,2020-10-13 23:55:00
F200101892,47.667142999999996,-122.35441999999999,Aid Response,2020-10-13 23:54:00
F200101890,47.613053,-122.3299,Aid Response,2020-10-13 23:32:00
F200101889,47.59665,-122.311586,Aid Response,2020-10-13 23:27:00
F200101887,47.601719,-122.331966,Scenes Of Violence 7,2020-10-13 23:18:00
F200101886,47.646854,-122.36618899999999,Aid Response,2020-10-13 23:14:00
F200101884,47.612578000000006,-122.341197,Aid Response,2020-10-13 23:07:00
F200101883,47.576907,-122.297049,Aid Response,2020-10-13 23:05:00
F200101881,47.624578,-122.35540400000001,Auto Fire Alarm,2020-10-13 22:56:00
F200101879,47.610743,-122.338702,Triaged Incident,2020-10-13 22:54:00
F200101877,47.602985,-122.328535,Aid Response,2020-10-13 22:41:00
F200101876,47.652238,-122.313301,AFA4 - Auto Alarm 2 + 1 + 1,2020-10-13 22:40:00
F200101875,47.652238,-122.313301,AFA4 - Auto Alarm 2 + 1 + 1,2020-10-13 22:39:00
F200101874,47.610743,-122.338702,Aid Response,2020-10-13 22:39:00
F200101869,47.660565999999996,-122.34721299999998,Illegal Burn,2020-10-13 22:17:00
F200101868,47.539419,-122.39081599999999,Auto Fire Alarm,2020-10-13 22:09:00
F200101867,47.613246999999994,-122.32718700000001,Aid Response,2020-10-13 22:04:00
F200101866,47.64589,-122.32425400000001,Natural Gas Odor,2020-10-13 21:59:00
F200101865,47.708594,-122.32321100000001,Aid Response,2020-10-13 21:55:00
F200101862,47.622174,-122.32090900000001,Aid Response,2020-10-13 21:50:00
F200101860,47.619719,-122.342229,Trans to AMR,2020-10-13 21:40:00
F200101857,47.612398,-122.340892,Aid Response,2020-10-13 21:33:00
F200101856,47.529669,-122.325534,Aid Response,2020-10-13 21:30:00
F200101855,47.59921,-122.31413700000002,Aid Response,2020-10-13 21:26:00
F200101853,47.619702000000004,-122.337795,Trans to AMR,2020-10-13 21:25:00
F200101852,47.599201,-122.331566,Auto Fire Alarm,2020-10-13 21:24:00
F200101851,47.668665000000004,-122.374178,Trans to AMR,2020-10-13 21:20:00
F200101850,47.649226,-122.34138999999999,Aid Response,2020-10-13 21:15:00
F200101848,47.616731,-122.33987900000001,Aid Response,2020-10-13 21:12:00
F200101847,47.535016,-122.26998200000001,Aid Response,2020-10-13 21:10:00
F200101846,47.71736,-122.2851,Aid Response,2020-10-13 20:56:00
F200101844,47.609204999999996,-122.311334,Automatic Fire Alarm Resd,2020-10-13 20:50:00
F200101842,47.600831,-122.304498,Automatic Fire Alarm Resd,2020-10-13 20:49:00
F200101840,47.627134000000005,-122.34102,Aid Response,2020-10-13 20:46:00
F200101839,47.559808000000004,-122.32327,Trans to AMR,2020-10-13 20:44:00
F200101838,47.663657,-122.37045,Aid Response,2020-10-13 20:37:00
F200101833,47.640541,-122.32466699999999,Automatic Fire Alarm False,2020-10-13 20:18:00
F200101834,47.691462,-122.383178,Aid Response,2020-10-13 20:17:00
F200101832,47.621184,-122.326581,Trans to AMR,2020-10-13 20:15:00
F200101831,47.564582,-122.372616,Auto Fire Alarm,2020-10-13 20:14:00
F200101830,47.675815,-122.31565800000001,MVI - Motor Vehicle Incident,2020-10-13 20:03:00
F200101828,47.504627,-122.264822,Medic Response,2020-10-13 19:49:00
F200101827,47.664908000000004,-122.31421,Aid Response,2020-10-13 19:46:00
F200101826,47.719466,-122.32061499999999,Aid Response,2020-10-13 19:44:00
F200101825,47.616719,-122.32449199999999,Trans to AMR,2020-10-13 19:43:00
F200101823,47.604615,-122.32228,Aid Response,2020-10-13 19:41:00
F200101824,47.613246999999994,-122.32718700000001,Aid Response,2020-10-13 19:41:00
F200101822,47.555566,-122.38972199999999,Automatic Fire Alarm Resd,2020-10-13 19:40:00
F200101820,47.590677,-122.392766,Auto Fire Alarm,2020-10-13 19:38:00
F200101818,47.606982,-122.32605600000001,Aid Response,2020-10-13 19:26:00
F200101816,47.696054,-122.36348000000001,Trans to AMR,2020-10-13 19:21:00
F200101814,47.690434,-122.31223,Medic Response,2020-10-13 19:19:00
F200101815,47.537034999999996,-122.28468000000001,Rescue Elevator,2020-10-13 19:19:00
          ,47.537034999999996,-122.28468000000001,Rescue Confined Space,2020-10-13 19:19:00
F200101813,47.559437,-122.291491,Food On The Stove Out,2020-10-13 19:17:00
F200101812,47.722732,-122.29198799999999,Aid Response,2020-10-13 19:16:00
F200101810,47.55344,-122.337026,MVI - Motor Vehicle Incident,2020-10-13 19:09:00
F200101809,47.610278,-122.33981200000001,Trans to AMR,2020-10-13 19:02:00
F200101807,47.679688,-122.30661,Automatic Fire Alarm Resd,2020-10-13 19:01:00
F200101808,47.560828,-122.385465,Aid Response,2020-10-13 19:01:00
F200101805,47.529539,-122.268542,Aid Response,2020-10-13 18:41:00
F200101802,47.56422,-122.373106,Automatic Fire Alarm False,2020-10-13 18:37:00
F200101801,47.667578999999996,-122.28481399999998,Aid Response,2020-10-13 18:35:00
F200101800,47.612936,-122.29746000000002,Low Acuity Response,2020-10-13 18:31:00
F200101799,47.621076,-122.32089199999999,Aid Response,2020-10-13 18:31:00
F200101798,47.611376,-122.32546699999999,Aid Response,2020-10-13 18:29:00
F200101797,47.619735,-122.34630600000001,Medic Response,2020-10-13 18:29:00
F200101796,47.717995,-122.370345,Aid Response,2020-10-13 18:23:00
F200101795,47.557833,-122.28503400000001,Aid Response,2020-10-13 18:21:00
F200101794,47.581185999999995,-122.385173,MVI - Motor Vehicle Incident,2020-10-13 18:19:00
F200101792,47.696141,-122.373075,Medic Response,2020-10-13 18:15:00
F200101790,47.605346000000004,-122.31941299999998,Medic Response,2020-10-13 18:09:00
F200101789,47.505365000000005,-122.384498,Medic Response,2020-10-13 18:03:00
F200101788,47.571328,-122.33966799999999,Illegal Burn,2020-10-13 18:00:00
F200101785,47.627913,-122.29358400000001,Illegal Burn,2020-10-13 17:57:00
F200101783,47.661369,-122.33016200000002,MVI - Motor Vehicle Incident,2020-10-13 17:55:00
F200101782,47.709488,-122.323301,Aid Response,2020-10-13 17:50:00
F200101778,47.553321000000004,-122.36296899999999,Auto Fire Alarm,2020-10-13 17:34:00
F200101776,47.602143,-122.330836,Low Acuity Response,2020-10-13 17:29:00
F200101777,47.535515000000004,-122.36216,Aid Response,2020-10-13 17:29:00
F200101775,47.601986,-122.32914,Trans to AMR,2020-10-13 17:21:00
F200101774,47.701741999999996,-122.335029,Aid Response,2020-10-13 17:19:00
F200101773,47.648583,-122.364958,Auto Fire Alarm,2020-10-13 17:18:00
F200101772,47.561082,-122.38006299999999,Aid Response,2020-10-13 17:15:00
F200101771,47.677690000000005,-122.32038700000001,MVI Freeway,2020-10-13 17:13:00
F200101770,47.517539,-122.39116200000001,Aid Response,2020-10-13 17:12:00
F200101767,47.509776,-122.38575,Wires Down,2020-10-13 17:08:00
F200101766,47.59919,-122.32084099999999,Rescue Elevator,2020-10-13 17:08:00
F200101765,47.573836,-122.293217,Aid Response,2020-10-13 17:06:00
F200101764,47.521023,-122.366095,Aid Response,2020-10-13 17:02:00
F200101763,47.708646,-122.33131399999999,Aid Response,2020-10-13 16:58:00
F200101762,47.575283,-122.32905900000002,Medic Response,2020-10-13 16:47:00
F200101760,47.702234999999995,-122.325354,Medic Response,2020-10-13 16:37:00
F200101761,47.549539,-122.30636200000001,Trans to AMR,2020-10-13 16:37:00
F200101759,47.536696,-122.27021299999998,Low Acuity Response,2020-10-13 16:37:00
F200101758,47.672761,-122.31736399999998,Triaged Incident,2020-10-13 16:34:00
F200101757,47.709488,-122.323301,Medic Response,2020-10-13 16:22:00
F200101756,47.656985999999996,-122.330225,Low Acuity Response,2020-10-13 16:21:00
F200101755,47.57835,-122.299274,MVI - Motor Vehicle Incident,2020-10-13 16:18:00
F200101754,47.72959,-122.324067,MVI Freeway,2020-10-13 16:16:00
F200101753,47.617379,-122.34693,Triaged Incident,2020-10-13 16:15:00
F200101751,47.64857,-122.37227299999999,Aid Response,2020-10-13 16:13:00
F200101749,47.612007,-122.32911599999998,MVI - Motor Vehicle Incident,2020-10-13 16:11:00
F200101747,47.564504,-122.37268300000001,Rescue Elevator,2020-10-13 16:04:00
F200101745,47.624262,-122.36451299999999,Low Acuity Response,2020-10-13 16:02:00
F200101746,47.582838,-122.38648500000001,Rescue Elevator,2020-10-13 16:02:00
F200101740,47.612007,-122.32911599999998,MVI - Motor Vehicle Incident,2020-10-13 15:56:00
F200101741,47.588767,-122.38213300000001,Wires Down,2020-10-13 15:56:00
F200101739,47.618823,-122.330413,Aid Response,2020-10-13 15:46:00
F200101737,47.613246999999994,-122.32718700000001,Aid Response,2020-10-13 15:44:00
F200101736,47.546659999999996,-122.37321899999999,Aid Response,2020-10-13 15:41:00
F200101735,47.732644,-122.35302800000001,Low Acuity Response,2020-10-13 15:40:00
F200101734,47.610044,-122.33806200000001,Aid Response,2020-10-13 15:40:00
F200101732,47.658328999999995,-122.40089099999999,Medic Response,2020-10-13 15:36:00
F200101731,47.696366,-122.37410200000001,Aid Response,2020-10-13 15:35:00
F200101733,47.584621000000006,-122.37935800000001,Investigate Out Of Service,2020-10-13 15:34:00
F200101730,47.662126,-122.34046399999998,Aid Response,2020-10-13 15:30:00
F200101728,47.600873,-122.332877,Trans to AMR,2020-10-13 15:28:00
F200101729,47.622089,-122.351371,AFA4 - Auto Alarm 2 + 1 + 1,2020-10-13 15:28:00
F200101726,47.514022,-122.259382,Aid Response,2020-10-13 15:25:00
F200101725,47.619915,-122.330418,Medic Response,2020-10-13 15:14:00
F200101724,47.664382,-122.36680700000001,Spill- Non-Hazmat,2020-10-13 15:13:00
F200101723,47.623324,-122.307303,Medic Response,2020-10-13 15:11:00
F200101722,47.681672999999996,-122.376775,Low Acuity Response,2020-10-13 15:10:00
F200101721,47.636721,-122.37499299999999,Rescue Extrication,2020-10-13 15:09:00
F200101720,47.629694,-122.34100600000001,Natural Gas Odor,2020-10-13 15:08:00
F200101719,47.718486999999996,-122.34223200000001,Low Acuity Response,2020-10-13 15:08:00
F200101718,47.667142999999996,-122.35441999999999,Aid Response,2020-10-13 15:07:00
F200101717,47.698371,-122.290095,Unk Odor,2020-10-13 15:03:00
F200101715,47.665729999999996,-122.340096,Low Acuity Response,2020-10-13 14:51:00
F200101713,47.715969,-122.313928,1RED 1 Unit,2020-10-13 14:47:00
F200101712,47.584234,-122.299024,Triaged Incident,2020-10-13 14:41:00
F200101711,47.579421999999994,-122.33420100000001,Natural Gas Odor,2020-10-13 14:40:00
F200101710,47.551732,-122.36556399999999,Trans to AMR,2020-10-13 14:34:00
F200101709,47.611672,-122.33648400000001,Auto Fire Alarm,2020-10-13 14:30:00
F200101708,47.52885,-122.32287600000001,Auto Fire Alarm,2020-10-13 14:23:00
F200101707,47.626870000000004,-122.329949,Medic Response,2020-10-13 14:13:00
F200101704,47.667086,-122.34008500000002,Low Acuity Response,2020-10-13 14:09:00
F200101706,47.61523,-122.323218,Aid Response,2020-10-13 14:09:00
F200101701,47.592394,-122.329049,1RED 1 Unit,2020-10-13 13:49:00
F200101700,47.694323,-122.38757199999999,Aid Response,2020-10-13 13:48:00
F200101699,47.602165,-122.33085600000001,Auto Fire Alarm,2020-10-13 13:46:00
F200101697,47.665017,-122.330583,Aid Response,2020-10-13 13:41:00
F200101696,47.709488,-122.323301,Aid Response,2020-10-13 13:39:00
F200101695,47.561674,-122.293783,Trans to AMR,2020-10-13 13:35:00
F200101694,47.719372,-122.329022,1RED 1 Unit,2020-10-13 13:31:00
F200101691,47.656872,-122.31636999999999,Trans to AMR,2020-10-13 13:17:00
F200101689,47.708023,-122.347397,1RED 1 Unit,2020-10-13 13:14:00
F200101688,47.680966,-122.39343999999998,Low Acuity Response,2020-10-13 13:11:00
F200101687,47.667646000000005,-122.384745,Illegal Burn,2020-10-13 13:10:00
F200101685,47.69661,-122.298728,Medic Response,2020-10-13 13:06:00
F200101686,47.565197,-122.293617,Activated CO Detector,2020-10-13 13:06:00
F200101683,47.703486,-122.33390700000001,Aid Response,2020-10-13 13:02:00
F200101681,47.626215,-122.329199,Medic Response,2020-10-13 12:59:00
F200101680,47.561509,-122.29496,Triaged Incident,2020-10-13 12:51:00
F200101678,47.712305,-122.339596,Rescue Elevator,2020-10-13 12:49:00
F200101677,47.564039,-122.29803500000001,Activated CO Detector,2020-10-13 12:47:00
F200101676,47.729646,-122.35556100000001,Aid Response,2020-10-13 12:43:00
F200101675,47.520787,-122.390222,Aid Response,2020-10-13 12:40:00
F200101672,47.565197,-122.293617,Activated CO Detector,2020-10-13 12:27:00
F200101671,47.646147,-122.349741,Car Fire,2020-10-13 12:26:00
F200101669,47.620864000000005,-122.335857,Aid Response,2020-10-13 12:00:00
F200101668,47.670234,-122.390143,Water Job Minor,2020-10-13 11:58:00
F200101666,47.612578000000006,-122.341197,Low Acuity Response,2020-10-13 11:57:00
F200101664,47.604439,-122.296797,Aid Response,2020-10-13 11:48:00
F200101663,47.662202,-122.373595,Natural Gas Odor,2020-10-13 11:44:00
F200101662,47.538207,-122.294951,Aid Response,2020-10-13 11:35:00
F200101661,47.682717,-122.33039299999999,Medic Response,2020-10-13 11:33:00
F200101660,47.696023,-122.32843500000001,Aid Response,2020-10-13 11:31:00
F200101659,47.560561,-122.386794,MVI Medic,2020-10-13 11:29:00
F200101657,47.661321,-122.307244,Auto Fire Alarm,2020-10-13 11:22:00
F200101656,47.539788,-122.39511999999999,Medic Response,2020-10-13 11:19:00
F200101655,47.700271,-122.30331799999999,MVI - Motor Vehicle Incident,2020-10-13 11:12:00
F200101654,47.700271,-122.30331799999999,MVI - Motor Vehicle Incident,2020-10-13 11:11:00
F200101652,47.602382,-122.332338,Aid Response,2020-10-13 11:02:00
F200101650,47.701329,-122.32368400000001,AFA4 - Auto Alarm 2 + 1 + 1,2020-10-13 11:00:00
F200101649,47.618959000000004,-122.32219099999999,Medic Response,2020-10-13 10:57:00
F200101648,47.521244,-122.336301,Aid Response,2020-10-13 10:54:00
